{"module":{"id":"ClassList","code":"ClassList","name":"班级列表","caption":"班级列表","type":"Module","creator":"dev","creationDate":"2024-11-10T17:40:39.178Z","updateVersion":"191104","showTitle":true,"bootstrap":"list-template","templateId":"list-template","schemas":[{"eapiId":"9abe943c-9511-413e-bf03-d59a14ee4a22","eapiCode":"ClassList_frm","eapiName":"班级列表_frm","eapiNameSpace":"Inspur.GS.StudentSystem.BasicData.Classes.Classes.Front","voPath":"StudentSystem/BasicData/Classes/bo-classes-front/metadata/components","voNameSpace":"Inspur.GS.StudentSystem.BasicData.Classes.Classes.Front","id":"8ec553e5-a6e2-4042-99db-7e3d2e6dfdf5","entities":[{"id":"35d95543-129a-4c29-b495-265f589ff049","type":{"$type":"EntityType","fields":[{"$type":"SimpleField","defaultValue":"","editor":{"$type":"TextBox"},"require":true,"multiLanguage":false,"readonly":false,"id":"c395f197-3e76-4775-b7e1-82b1d131153f","path":"ID","type":{"$type":"StringType","displayName":"字符串","length":36,"name":"String"},"code":"ID","label":"id","bindingField":"id","bindingPath":"id","originalId":"c395f197-3e76-4775-b7e1-82b1d131153f","name":"主键"},{"$type":"SimpleField","defaultValue":"","editor":{"$type":"DateBox","format":"'yyyy-MM-dd'"},"require":false,"multiLanguage":false,"readonly":false,"id":"cef5e86f-46bb-4f06-8360-bab60b3f7f48","path":"Version","type":{"$type":"DateTimeType","displayName":"日期时间","name":"DateTime"},"code":"Version","label":"version","bindingField":"version","bindingPath":"version","originalId":"cef5e86f-46bb-4f06-8360-bab60b3f7f48","name":"版本"},{"$type":"SimpleField","defaultValue":"","editor":{"$type":"TextBox"},"require":false,"multiLanguage":false,"readonly":false,"id":"afd5e005-09d9-4193-8468-557df8a7f17b","path":"Name","type":{"$type":"StringType","displayName":"字符串","length":36,"name":"String"},"code":"Name","label":"name","bindingField":"name","bindingPath":"name","originalId":"afd5e005-09d9-4193-8468-557df8a7f17b","name":"班级名称"},{"$type":"SimpleField","defaultValue":"","editor":{"$type":"TextBox"},"require":false,"multiLanguage":false,"readonly":false,"id":"06fe7f39-badf-482f-9ae2-ed7971e7cb64","path":"classTcher","type":{"$type":"StringType","displayName":"字符串","length":36,"name":"String"},"code":"classTcher","label":"classTcher","bindingField":"classTcher","bindingPath":"classTcher","originalId":"06fe7f39-badf-482f-9ae2-ed7971e7cb64","name":"班主任"}],"entities":[{"id":"956492fd-b47c-4247-baa4-5894fc2f39aa","type":{"$type":"EntityType","fields":[{"$type":"SimpleField","defaultValue":"","editor":{"$type":"TextBox"},"require":true,"multiLanguage":false,"readonly":false,"id":"9ff7eccd-02e6-42de-b4e9-3d2b0af0a538","path":"ID","type":{"$type":"StringType","displayName":"字符串","length":36,"name":"String"},"code":"ID","label":"id","bindingField":"id","bindingPath":"id","originalId":"9ff7eccd-02e6-42de-b4e9-3d2b0af0a538","name":"主键"},{"$type":"SimpleField","defaultValue":"","editor":{"$type":"TextBox"},"require":true,"multiLanguage":false,"readonly":false,"id":"5e042bb6-9d89-4810-8b3d-3b51cb3c7d83","path":"ParentID","type":{"$type":"StringType","displayName":"字符串","length":36,"name":"String"},"code":"ParentID","label":"parentID","bindingField":"parentID","bindingPath":"parentID","originalId":"5e042bb6-9d89-4810-8b3d-3b51cb3c7d83","name":"上级对象主键"},{"$type":"ComplexField","id":"5641487d-c0ec-4b2e-9c97-397b52ddafc0","path":"Student","type":{"$type":"EntityType","fields":[{"$type":"SimpleField","defaultValue":"","editor":{"$type":"TextBox"},"require":false,"multiLanguage":false,"readonly":false,"id":"a0ca9aef-cd9d-42e3-8c53-696ca1862a8c","path":"Student.Student","type":{"$type":"StringType","displayName":"字符串","length":36,"name":"String"},"code":"Student","label":"student","bindingField":"student","bindingPath":"student.student","originalId":"a0ca9aef-cd9d-42e3-8c53-696ca1862a8c","name":"学生"},{"$type":"SimpleField","defaultValue":"","editor":{"$type":"TextBox"},"require":false,"multiLanguage":false,"readonly":false,"id":"1e9026d0-9179-4caa-93d1-3dea1f53b65d","path":"Student.Student_StuID","type":{"$type":"StringType","displayName":"字符串","length":36,"name":"String"},"code":"StuID","label":"student_StuID","bindingField":"student_Student_StuID","bindingPath":"student.student_StuID","originalId":"1e9026d0-9179-4caa-93d1-3dea1f53b65d","name":"学号"},{"$type":"SimpleField","defaultValue":"","editor":{"$type":"TextBox"},"require":false,"multiLanguage":false,"readonly":false,"id":"6acd5a2f-c9c4-419a-b54e-03565874968c","path":"Student.Student_Name","type":{"$type":"StringType","displayName":"字符串","length":36,"name":"String"},"code":"Name","label":"student_Name","bindingField":"student_Student_Name","bindingPath":"student.student_Name","originalId":"6acd5a2f-c9c4-419a-b54e-03565874968c","name":"姓名"}],"entities":[],"primary":"student","displayName":"学生","name":"StudentA0cA"},"code":"Student","label":"student","bindingField":"student","bindingPath":"student","originalId":"5641487d-c0ec-4b2e-9c97-397b52ddafc0","name":"学生"}],"entities":[],"primary":"id","displayName":"学生","name":"Student"},"code":"Student","label":"students","name":"学生"}],"primary":"id","displayName":"班级","name":"Classes"},"code":"Classes","label":"classess","name":"班级"}],"code":"ClassList_frm","sourceType":"vo","extendProperties":{"enableStdTimeFormat":true},"variables":[],"sourceUri":"api/studentsystem/basicdata/v1.0/ClassList_frm","name":"班级列表_frm"}],"states":[],"contents":[],"stateMachines":[{"id":"ClassList_state_machine","name":"班级列表_frm","uri":"fe6dc3d3-5b4e-4695-9238-f237b52e2836","code":"ClassList_frm","nameSpace":"Inspur.GS.StudentSystem.BasicData.Classes.Classes.Front"}],"viewmodels":[{"id":"root-viewmodel","code":"root-viewmodel","name":"班级","fields":[],"stateMachine":"ClassList_state_machine","serviceRefs":[],"commands":[{"id":"93ee1cd2-cf0b-40b3-b99f-958a3d1fad1c","code":"Load1","name":"加载数据","params":[{"name":"filter","shownName":"过滤条件","value":""},{"name":"sort","shownName":"排序条件","value":""}],"handlerName":"Load","cmpId":"70b4abd4-9f2c-4b7c-90e9-6ac6f4b74c72","extensions":[],"isInvalid":false},{"id":"71ae8a4c-6202-4875-9246-2e2d959da37f","code":"Search1","name":"查询数据","params":[{"name":"filter","shownName":"过滤条件","value":""},{"name":"sort","shownName":"排序条件","value":""},{"name":"pageSize","shownName":"分页大小","value":""},{"name":"pageIndex","shownName":"当前页码","value":""}],"handlerName":"Search","cmpId":"70b4abd4-9f2c-4b7c-90e9-6ac6f4b74c72","extensions":[],"isInvalid":false},{"id":"6d5a354f-871f-43e6-82bc-7837184380d3","code":"RemoveRows1","name":"删除多行数据","params":[{"name":"ids","shownName":"待删除数据的标识","value":"{UISTATE~/#{data-grid-component}/ids}"}],"handlerName":"RemoveRows","cmpId":"70b4abd4-9f2c-4b7c-90e9-6ac6f4b74c72","extensions":[],"isInvalid":false},{"id":"77556491-41c0-4356-8ccf-25e39817060e","code":"Add1","name":"在新页签中新增数据","params":[{"name":"url","shownName":"功能菜单标识","value":"b91ad9bf-660e-4927-bd08-fd75be1631c4"},{"name":"params","shownName":"附加参数","value":"{\"action\":\"LoadAndAdd1\"}"},{"name":"enableRefresh","shownName":"支持刷新列表数据","value":""},{"name":"tabName","shownName":"标签页标题","value":""},{"name":"destructuring","shownName":"是否解构参数","value":""}],"handlerName":"Add","cmpId":"70b4abd4-9f2c-4b7c-90e9-6ac6f4b74c72","isInvalid":false,"isNewGenerated":false,"targetComponent":"root-component"},{"id":"52fdcac3-46c8-466e-aa5d-19920ece2076","code":"View1","name":"在新页签中查看数据","params":[{"name":"url","shownName":"功能菜单标识","value":"b91ad9bf-660e-4927-bd08-fd75be1631c4"},{"name":"params","shownName":"附加参数","value":"{\"action\":\"LoadAndView1\", \"id\":\"{DATA~/#{data-grid-component}/id}\"}"},{"name":"idToView","shownName":"待查看数据的标识","value":"{DATA~/#{data-grid-component}/id}"},{"name":"enableRefresh","shownName":"支持刷新列表数据","value":""},{"name":"tabName","shownName":"标签页标题","value":""},{"name":"destructuring","shownName":"是否解构参数","value":""}],"handlerName":"View","cmpId":"70b4abd4-9f2c-4b7c-90e9-6ac6f4b74c72","isInvalid":false,"isNewGenerated":false,"targetComponent":"root-component"},{"id":"7ade9996-0531-4401-b1bc-fb9ec8ee3f8e","code":"Edit1","name":"在新页签中编辑数据","params":[{"name":"url","shownName":"功能菜单标识","value":"b91ad9bf-660e-4927-bd08-fd75be1631c4"},{"name":"params","shownName":"附加参数","value":"{\"action\":\"LoadAndEdit1\", \"id\":\"{DATA~/#{data-grid-component}/id}\"}"},{"name":"idToEdit","shownName":"待编辑数据的标识","value":"{DATA~/#{data-grid-component}/id}"},{"name":"enableRefresh","shownName":"支持刷新列表数据","value":""},{"name":"tabName","shownName":"标签页标题","value":""},{"name":"destructuring","shownName":"是否解构参数","value":""}],"handlerName":"Edit","cmpId":"70b4abd4-9f2c-4b7c-90e9-6ac6f4b74c72","isInvalid":false,"isNewGenerated":false,"targetComponent":"root-component"},{"id":"debae2dd-3387-48cf-90ba-96e74ab5a8e5","code":"Remove1","name":"删除当前数据","params":[{"name":"id","shownName":"待删除数据的标识","value":"{DATA~/#{data-grid-component}/id}"}],"handlerName":"Remove","cmpId":"70b4abd4-9f2c-4b7c-90e9-6ac6f4b74c72","extensions":[],"isInvalid":false}],"states":[],"bindTo":"/","enableUnifiedSession":false},{"id":"data-grid-component-viewmodel","code":"data-grid-component-viewmodel","name":"班级","fields":[{"type":"Form","id":"afd5e005-09d9-4193-8468-557df8a7f17b","fieldName":"name","groupId":null,"groupName":null,"updateOn":"blur"},{"type":"Form","id":"06fe7f39-badf-482f-9ae2-ed7971e7cb64","fieldName":"classTcher","groupId":null,"groupName":null,"updateOn":"blur"}],"serviceRefs":[],"commands":[{"id":"1a1b7c33-38f0-469f-a017-223086ee6259","code":"ChangePage1","name":"切换页码","params":[{"name":"loadCommandName","shownName":"切换页面后回调方法","value":"Load1"},{"name":"loadCommandFrameId","shownName":"目标组件","value":"#{root-component}"}],"handlerName":"ChangePage","cmpId":"70b4abd4-9f2c-4b7c-90e9-6ac6f4b74c72","extensions":[],"isInvalid":false}],"states":[],"bindTo":"/","parent":"root-viewmodel","pagination":{"enable":true,"pageSize":20,"pageList":"10,20,30,50,100"},"enableValidation":false}],"components":[{"id":"root-component","type":"Component","componentType":"Frame","viewModel":"root-viewmodel","onInit":"Load1","contents":[{"id":"root-layout","type":"ContentContainer","appearance":{"class":"f-page f-page-is-managelist "},"size":null,"contents":[{"id":"page-header","type":"ContentContainer","appearance":{"class":"f-page-header"},"size":null,"contents":[{"id":"header-nav","type":"ContentContainer","appearance":{"class":"f-page-header-base"},"size":null,"contents":[{"id":"header-title-container","type":"ContentContainer","appearance":{"class":"f-title"},"size":null,"contents":[{"id":"page-header-title","type":"HtmlTemplate","html":"<span class=\"f-title-icon f-text-orna-manage\"><i class=\"f-icon f-icon-page-title-administer\"></i></span><h4 class=\"f-title-text\">{{'title'|lang:lang:'班级列表'}}</h4>"}],"visible":true,"isScrollspyContainer":false,"isLikeCardContainer":false},{"id":"page-header-toolbar","type":"ToolBar","appearance":{"class":"col-7 f-toolbar"},"size":null,"items":[{"id":"button-add","type":"ToolBarItem","appearance":{"class":"btn-primary"},"disable":"!viewModel.stateMachine['canAdd']","text":"新增","visible":true,"click":"Add1","items":[],"usageMode":"button","modalConfig":null},{"id":"button-edit","type":"ToolBarItem","appearance":null,"disable":"!viewModel.stateMachine['canEdit']","text":"编辑","visible":true,"click":"Edit1","items":[],"usageMode":"button","modalConfig":null},{"id":"button-view","type":"ToolBarItem","appearance":null,"disable":"!viewModel.stateMachine['canView']","text":"查看","visible":true,"click":"View1","items":[],"usageMode":"button","modalConfig":null},{"id":"button-delete","type":"ToolBarItem","appearance":null,"disable":"!viewModel.stateMachine['canRemove']","text":"删除","visible":true,"click":"Remove1","items":[],"usageMode":"button","modalConfig":null}],"visible":true,"buttonSize":"default","popDirection":"default"}],"visible":true,"isScrollspyContainer":false,"isLikeCardContainer":false}],"visible":true,"isScrollspyContainer":false,"isLikeCardContainer":false},{"id":"page-main","type":"ContentContainer","appearance":{"class":"f-page-main"},"size":null,"contents":[{"id":"data-grid-component-ref","type":"ComponentRef","component":"data-grid-component","visible":true}],"visible":true,"isScrollspyContainer":false,"isLikeCardContainer":false}],"visible":true,"isScrollspyContainer":false,"isLikeCardContainer":false}],"appearance":null,"visible":true,"afterViewInit":null},{"id":"data-grid-component","type":"Component","componentType":"dataGrid","viewModel":"data-grid-component-viewmodel","appearance":{"class":"f-struct-wrapper f-utils-fill-flex-column"},"onInit":"","contents":[{"id":"data-grid-section","type":"Section","appearance":{"class":"f-section-grid f-section-in-managelist"},"size":null,"mainTitle":"","subTitle":"","headerClass":"","titleClass":"","extendedHeaderAreaClass":"","toolbarClass":"","extendedAreaClass":"","contentTemplateClass":"","fill":true,"expanded":true,"enableMaximize":true,"enableAccordion":true,"accordionMode":"default","showHeader":false,"headerTemplate":"","titleTemplate":"","extendedHeaderAreaTemplate":"","toolbarTemplate":"","extendedAreaTemplate":"","contents":[{"id":"dataGrid","type":"DataGrid","controlSource":"Farris","appearance":{"class":"f-component-grid"},"size":null,"dataSource":"classess","fields":[{"id":"name_afd5e005_l32s","type":"GridField","controlSource":"Farris","caption":"班级名称","captionTemplate":null,"dataField":"name","dataType":"string","binding":{"type":"Form","path":"name","field":"afd5e005-09d9-4193-8468-557df8a7f17b","fullPath":"Name"},"enumData":null,"appearance":null,"size":{"width":120},"displayTemplate":null,"editor":null,"draggable":false,"frozen":"none","sortable":true,"sortOrder":null,"resizeable":true,"aggregate":{"type":"none","formatter":{"type":"none"}},"groupAggregate":{"type":"none","formatter":{"type":"none"}},"styler":"","colTemplate":"","linkedLabelEnabled":false,"linkedLabelClick":null,"textAlign":"left","hAlign":"left","vAlign":"middle","formatter":{"type":"none"},"showTips":false,"tipContent":null,"multiLanguage":false,"enableFilter":false,"headerStyler":"","localization":false,"idField":"value","textField":"name","readonly":false,"visible":true,"allowGrouping":true,"tipMode":"auto","captionTipContent":"","captionTipStyler":"","enableBatchEdit":false,"localizationType":"Date"},{"id":"classTcher_06fe7f39_20ep","type":"GridField","controlSource":"Farris","caption":"班主任","captionTemplate":null,"dataField":"classTcher","dataType":"string","binding":{"type":"Form","path":"classTcher","field":"06fe7f39-badf-482f-9ae2-ed7971e7cb64","fullPath":"classTcher"},"enumData":null,"appearance":null,"size":{"width":120},"displayTemplate":null,"editor":null,"draggable":false,"frozen":"none","sortable":true,"sortOrder":null,"resizeable":true,"aggregate":{"type":"none","formatter":{"type":"none"}},"groupAggregate":{"type":"none","formatter":{"type":"none"}},"styler":"","colTemplate":"","linkedLabelEnabled":false,"linkedLabelClick":null,"textAlign":"left","hAlign":"left","vAlign":"middle","formatter":{"type":"none"},"showTips":false,"tipContent":null,"multiLanguage":false,"enableFilter":false,"headerStyler":"","localization":false,"idField":"value","textField":"name","readonly":false,"visible":true,"allowGrouping":true,"tipMode":"auto","captionTipContent":"","captionTipStyler":"","enableBatchEdit":false,"localizationType":"Date"}],"focusedItem":null,"focusedIndex":null,"identifyField":null,"multiSelect":false,"selectable":null,"showCheckbox":false,"showAllCheckbox":false,"checkOnSelect":false,"selectOnCheck":false,"itemTemplate":null,"toolBar":null,"summary":null,"groupable":false,"group":null,"showGroupColumn":true,"groupFormatter":null,"groupStyler":null,"groupFooter":false,"fitColumns":false,"autoFitColumns":false,"virtualized":false,"virtualizedAsyncLoad":false,"scrollYLoad":"ChangePage1","onSelectionChange":"","fieldEditable":false,"appendRow":null,"disable":false,"pageChange":"ChangePage1","pageSizeChanged":"ChangePage1","styler":"","multiSort":false,"showBorder":false,"striped":true,"showLineNumber":false,"disableRow":null,"beforeSelect":null,"beforeUnSelect":null,"beforeCheck":null,"beforeUnCheck":null,"dblClickRow":null,"showFooter":false,"footerTemplate":"","footerDataFrom":"client","footerDataCommand":null,"enableFilterRow":false,"remoteFilter":false,"showFilterBar":false,"useControlPanel":false,"autoHeight":false,"showSelectedList":false,"selectedItemFormatter":null,"lineNumberWidth":36,"enableMorePageSelect":false,"pagination":true,"lockPagination":"viewModel.stateMachine&&viewModel.stateMachine['editable']","showPageSize":false,"editable":null,"fixedColumns":[],"enableCommandColumn":false,"onEditClicked":"","onDeleteClicked":"","commandColumnWidth":120,"showCommandColumn":true,"checkedChange":null,"footerHeight":29,"filterType":"none","enableSmartFilter":false,"lineNumberTitle":"","rowClick":null,"headerWrap":false,"emptyTemplate":null,"emptyDataHeight":240,"maxHeight":300,"rowHeight":30,"enableHighlightCell":false,"enableEditCellStyle":false,"showRowGroupPanel":false,"enableDragColumn":false,"groupSummaryPosition":"groupFooterRow","clearSelectionsWhenDataIsEmpty":true,"keepSelect":true,"enableEditByCard":"none","visible":true,"showGotoInput":false,"scrollBarShowMode":"auto","showScrollArrow":false,"footerPosition":"bottom","footerStyler":null,"selectOnEditing":false,"selectionMode":"default","enableContextMenu":false,"disableGroupOnEditing":true,"enableSimpleMode":false,"enableScheme":false,"beforeEdit":null,"nowrap":true,"mergeCell":false,"remoteSort":false,"columnSorted":null,"enableHeaderGroup":false,"headerGroup":null,"AutoColumnWidthUseDblclick":true,"pagerContentTemplate":null,"expandGroupRows":true,"useBlankWhenDataIsEmpty":false,"checked":null,"unChecked":null,"checkAll":null,"unCheckAll":null,"filterChanged":null,"enableEditStateFilterSorting":false,"showConfirmWhenSchemeChanged":false,"enableSetMultiHeaders":false}],"visible":true,"isScrollSpyItem":false,"toolbar":{"type":"SectionToolbar","position":"inHead","contents":[]}}],"visible":true,"afterViewInit":null}],"webcmds":[{"id":"70b4abd4-9f2c-4b7c-90e9-6ac6f4b74c72","path":"/projects/packages/Inspur.GS.Gsp.Web.WebCmp/webcmd","name":"ListController.webcmd","refedHandlers":[{"host":"93ee1cd2-cf0b-40b3-b99f-958a3d1fad1c","handler":"Load"},{"host":"71ae8a4c-6202-4875-9246-2e2d959da37f","handler":"Search"},{"host":"77556491-41c0-4356-8ccf-25e39817060e","handler":"Add"},{"host":"52fdcac3-46c8-466e-aa5d-19920ece2076","handler":"View"},{"host":"7ade9996-0531-4401-b1bc-fb9ec8ee3f8e","handler":"Edit"},{"host":"6d5a354f-871f-43e6-82bc-7837184380d3","handler":"RemoveRows"},{"host":"1a1b7c33-38f0-469f-a017-223086ee6259","handler":"ChangePage"},{"host":"debae2dd-3387-48cf-90ba-96e74ab5a8e5","handler":"Remove"}],"code":"ListController","nameSpace":"Inspur.GS.Gsp.Web.WebCmp"}],"serviceRefs":[],"projectName":"bo-classes-front","showType":"page","toolbar":{"items":{},"configs":{}},"declarations":{"events":[],"commands":[],"states":[]},"subscriptions":[],"extraImports":[],"expressions":[],"metadataId":"4e5146d8-e05e-49ba-988d-28f1e39aa2a0","actions":[{"sourceComponent":{"id":"button-add","viewModelId":"root-viewmodel","map":[{"event":{"label":"click","name":"点击事件"},"targetComponent":{"id":"root-component","viewModelId":"root-viewmodel"},"command":{"id":"77556491-41c0-4356-8ccf-25e39817060e","label":"Add1","name":"在新页签中新增数据","handlerName":"Add","params":[{"name":"url","shownName":"功能菜单标识","value":"b91ad9bf-660e-4927-bd08-fd75be1631c4"},{"name":"params","shownName":"附加参数","value":"{\"action\":\"LoadAndAdd1\"}"},{"name":"enableRefresh","shownName":"支持刷新列表数据","value":""},{"name":"tabName","shownName":"标签页标题","value":""},{"name":"destructuring","shownName":"是否解构参数","value":""}],"cmpId":"70b4abd4-9f2c-4b7c-90e9-6ac6f4b74c72","isNewGenerated":false,"isInvalid":false},"controller":{"id":"70b4abd4-9f2c-4b7c-90e9-6ac6f4b74c72","label":"ListController","name":"列表控制器"}}]}},{"sourceComponent":{"id":"button-edit","viewModelId":"root-viewmodel","map":[{"event":{"label":"click","name":"点击事件"},"targetComponent":{"id":"root-component","viewModelId":"root-viewmodel"},"command":{"id":"7ade9996-0531-4401-b1bc-fb9ec8ee3f8e","label":"Edit1","name":"在新页签中编辑数据","handlerName":"Edit","params":[{"name":"url","shownName":"功能菜单标识","value":"b91ad9bf-660e-4927-bd08-fd75be1631c4"},{"name":"params","shownName":"附加参数","value":"{\"action\":\"LoadAndEdit1\", \"id\":\"{DATA~/#{data-grid-component}/id}\"}"},{"name":"idToEdit","shownName":"待编辑数据的标识","value":"{DATA~/#{data-grid-component}/id}"},{"name":"enableRefresh","shownName":"支持刷新列表数据","value":""},{"name":"tabName","shownName":"标签页标题","value":""},{"name":"destructuring","shownName":"是否解构参数","value":""}],"cmpId":"70b4abd4-9f2c-4b7c-90e9-6ac6f4b74c72","isNewGenerated":false,"isInvalid":false},"controller":{"id":"70b4abd4-9f2c-4b7c-90e9-6ac6f4b74c72","label":"ListController","name":"列表控制器"}}]}},{"sourceComponent":{"id":"button-view","viewModelId":"root-viewmodel","map":[{"event":{"label":"click","name":"点击事件"},"targetComponent":{"id":"root-component","viewModelId":"root-viewmodel"},"command":{"id":"52fdcac3-46c8-466e-aa5d-19920ece2076","label":"View1","name":"在新页签中查看数据","handlerName":"View","params":[{"name":"url","shownName":"功能菜单标识","value":"b91ad9bf-660e-4927-bd08-fd75be1631c4"},{"name":"params","shownName":"附加参数","value":"{\"action\":\"LoadAndView1\", \"id\":\"{DATA~/#{data-grid-component}/id}\"}"},{"name":"idToView","shownName":"待查看数据的标识","value":"{DATA~/#{data-grid-component}/id}"},{"name":"enableRefresh","shownName":"支持刷新列表数据","value":""},{"name":"tabName","shownName":"标签页标题","value":""},{"name":"destructuring","shownName":"是否解构参数","value":""}],"cmpId":"70b4abd4-9f2c-4b7c-90e9-6ac6f4b74c72","isNewGenerated":false,"isInvalid":false},"controller":{"id":"70b4abd4-9f2c-4b7c-90e9-6ac6f4b74c72","label":"ListController","name":"列表控制器"}}]}},{"sourceComponent":{"id":"button-delete","viewModelId":"root-viewmodel","map":[{"event":{"label":"click","name":"点击事件"},"targetComponent":{"id":"root-component","viewModelId":"root-viewmodel"},"command":{"id":"debae2dd-3387-48cf-90ba-96e74ab5a8e5","label":"Remove1","name":"删除当前数据","handlerName":"Remove","params":[{"name":"id","shownName":"待删除数据的标识","value":"{DATA~/#{data-grid-component}/id}"}],"cmpId":"70b4abd4-9f2c-4b7c-90e9-6ac6f4b74c72","isNewGenerated":false,"isInvalid":false},"controller":{"id":"70b4abd4-9f2c-4b7c-90e9-6ac6f4b74c72","label":"ListController","name":"列表控制器"}}]}},{"sourceComponent":{"id":"root-component","viewModelId":"root-viewmodel","map":[{"event":{"label":"onInit","name":"初始化事件"},"targetComponent":{"id":"root-component","viewModelId":"root-viewmodel"},"command":{"id":"93ee1cd2-cf0b-40b3-b99f-958a3d1fad1c","label":"Load1","name":"加载数据","handlerName":"Load","params":[{"name":"filter","shownName":"过滤条件","value":""},{"name":"sort","shownName":"排序条件","value":""}],"cmpId":"70b4abd4-9f2c-4b7c-90e9-6ac6f4b74c72","isNewGenerated":false,"isInvalid":false},"controller":{"id":"70b4abd4-9f2c-4b7c-90e9-6ac6f4b74c72","label":"ListController","name":"列表控制器"}}]}},{"sourceComponent":{"id":"dataGrid","viewModelId":"data-grid-component-viewmodel","map":[{"event":{"label":"pageChange","name":"切换页码事件"},"targetComponent":{"id":"data-grid-component","viewModelId":"data-grid-component-viewmodel"},"command":{"id":"1a1b7c33-38f0-469f-a017-223086ee6259","label":"ChangePage1","name":"切换页码","handlerName":"ChangePage","params":[{"name":"loadCommandName","shownName":"切换页面后回调方法","value":"Load1"},{"name":"loadCommandFrameId","shownName":"目标组件","value":"#{root-component}"}],"cmpId":"70b4abd4-9f2c-4b7c-90e9-6ac6f4b74c72","isNewGenerated":false,"isInvalid":false},"controller":{"id":"70b4abd4-9f2c-4b7c-90e9-6ac6f4b74c72","label":"ListController","name":"列表控制器"}},{"event":{"label":"pageSizeChanged","name":"分页条数变化事件"},"targetComponent":{"id":"data-grid-component","viewModelId":"data-grid-component-viewmodel"},"command":{"id":"1a1b7c33-38f0-469f-a017-223086ee6259","label":"ChangePage1","name":"切换页码","handlerName":"ChangePage","params":[{"name":"loadCommandName","shownName":"切换页面后回调方法","value":"Load1"},{"name":"loadCommandFrameId","shownName":"目标组件","value":"#{root-component}"}],"cmpId":"70b4abd4-9f2c-4b7c-90e9-6ac6f4b74c72","isNewGenerated":false,"isInvalid":false},"controller":{"id":"70b4abd4-9f2c-4b7c-90e9-6ac6f4b74c72","label":"ListController","name":"列表控制器"}},{"event":{"label":"scrollYLoad","name":"滚动加载事件"},"targetComponent":{"id":"data-grid-component","viewModelId":"data-grid-component-viewmodel"},"command":{"id":"1a1b7c33-38f0-469f-a017-223086ee6259","label":"ChangePage1","name":"切换页码","handlerName":"ChangePage","params":[{"name":"loadCommandName","shownName":"切换页面后回调方法","value":"Load1"},{"name":"loadCommandFrameId","shownName":"目标组件","value":"#{root-component}"}],"cmpId":"70b4abd4-9f2c-4b7c-90e9-6ac6f4b74c72","isNewGenerated":false,"isInvalid":false},"controller":{"id":"70b4abd4-9f2c-4b7c-90e9-6ac6f4b74c72","label":"ListController","name":"列表控制器"}}]}}]},"options":{"enableTextArea":true,"renderMode":"compile","enableDeleteSourceCode":true,"changeSetPolicy":"valid","enableServerSideChangeDetection":false}}