{"root-component":{"name":""},"root-layout":{"name":""},"page-header":{"name":""},"header-nav":{"name":""},"header-title-container":{"name":""},"page-header-title":{"name":""},"title":{"name":"班级信息"},"page-header-toolbar":{"name":""},"button-add":{"name":"新增"},"button-edit":{"name":"编辑"},"button-save":{"name":"保存"},"button-cancel":{"name":"取消"},"main-container":{"name":""},"like-card-container":{"name":""},"basic-form-component-ref":{"name":""},"detail-container":{"name":""},"detail-section":{"name":""},"Section/detail-section/mainTitle":{"name":""},"Section/detail-section/subTitle":{"name":""},"detail-tab":{"name":""},"student-tab-page":{"name":"学生"},"student-component-ref":{"name":""},"student-tab-toolbar":{"name":""},"studentAddButton":{"name":"新增"},"studentRemoveButton":{"name":"删除"},"basic-form-component":{"name":""},"basic-form-section":{"name":""},"Section/basic-form-section/mainTitle":{"name":"基本信息"},"Section/basic-form-section/subTitle":{"name":""},"basic-form-layout":{"name":""},"name_97531977_j5o1":{"name":"班级名称"},"TextBox/name_97531977_j5o1/placeHolder":{"name":""},"classTcher_57706799_m5dz":{"name":"班主任"},"LookupEdit/classTcher_57706799_m5dz/placeHolder":{"name":""},"LookupEdit/classTcher_57706799_m5dz/dialogTitle":{"name":""},"student-component":{"name":""},"student-component-layout":{"name":""},"dataGrid_student":{"name":""},"DataGrid/dataGrid_student/lineNumberTitle":{"name":""},"DataGrid/dataGrid_student/OperateEditButton":{"name":"编辑"},"DataGrid/dataGrid_student/OperateDeleteButton":{"name":"删除"},"DataGrid/dataGrid_student/OperateColumn":{"name":"操作"},"student_Student_StuID_1f6f0446_ez3t":{"name":"学号"},"GridField/student_Student_StuID_1f6f0446_ez3t/editor/student_Student_StuID_1f6f0446_pr3u":{"name":"学号"},"GridField/student_Student_StuID_1f6f0446_ez3t/editor/LookupEdit/student_Student_StuID_1f6f0446_pr3u/placeHolder":{"name":""},"GridField/student_Student_StuID_1f6f0446_ez3t/editor/LookupEdit/student_Student_StuID_1f6f0446_pr3u/dialogTitle":{"name":""},"student_Student_Name_7ba2c5c2_y7wg":{"name":"姓名"},"GridField/student_Student_Name_7ba2c5c2_y7wg/editor/student_Student_Name_7ba2c5c2_6bax":{"name":"姓名"},"GridField/student_Student_Name_7ba2c5c2_y7wg/editor/TextBox/student_Student_Name_7ba2c5c2_6bax/placeHolder":{"name":""}}