{"moduleName":null,"summaries":[{"symbol":{"__symbol":0,"members":[]},"metadata":{"__symbolic":"class","extends":{"__symbol":1,"members":[]},"members":{"cid":[{"__symbolic":"property","decorators":[{"__symbolic":"call","expression":{"__symbol":2,"members":[]},"arguments":[{"id":"cid","name":"{{cid_1b390991_vcw5}}","binding":"cid","updateOn":"blur","defaultI18nValue":"课程编号"}]}]}],"name":[{"__symbolic":"property","decorators":[{"__symbolic":"call","expression":{"__symbol":2,"members":[]},"arguments":[{"id":"name","name":"{{name_40c471b0_k303}}","binding":"name","updateOn":"blur","defaultI18nValue":"课程名称"}]}]}],"sort":[{"__symbolic":"property","decorators":[{"__symbolic":"call","expression":{"__symbol":2,"members":[]},"arguments":[{"id":"sort","name":"{{sort_cf562a4b_vch3}}","binding":"sort","updateOn":"change","defaultI18nValue":"课程类型"}]}]}],"hour":[{"__symbolic":"property","decorators":[{"__symbolic":"call","expression":{"__symbol":2,"members":[]},"arguments":[{"id":"hour","name":"{{hour_9b190013_bya0}}","binding":"hour","updateOn":"blur","defaultI18nValue":"学时"}]}]}],"teacher":[{"__symbolic":"property","decorators":[{"__symbolic":"call","expression":{"__symbol":2,"members":[]},"arguments":[{"id":"teacher","name":"{{teacher_b6068cf6_yrx0}}","binding":"teacher","updateOn":"blur","defaultI18nValue":"授课教师"}]}]}]}},"type":{"summaryKind":3,"type":{"reference":{"__symbol":0,"members":[]},"diDeps":[],"lifecycleHooks":[1]}}}],"symbols":[{"__symbol":0,"name":"DataGridComponentViewmodelForm","filePath":"./datagridcomponentviewmodelform"},{"__symbol":1,"name":"Form","filePath":"@farris/devkit"},{"__symbol":2,"name":"NgFormControl","filePath":"@farris/devkit"}]}