{"moduleName":null,"summaries":[{"symbol":{"__symbol":0,"members":[]},"metadata":{"__symbolic":"class","extends":{"__symbol":1,"members":[]},"members":{"cid":[{"__symbolic":"property","decorators":[{"__symbolic":"call","expression":{"__symbol":2,"members":[]},"arguments":[{"id":"cid_3ef59c5b_7twz","name":"{{cid_3ef59c5b_7twz}}","binding":"cid","updateOn":"blur","defaultI18nValue":"课程编号","validRules":[{"type":"required","constraints":[true]},{"type":"matches","constraints":[""]}]}]}]}],"name":[{"__symbolic":"property","decorators":[{"__symbolic":"call","expression":{"__symbol":2,"members":[]},"arguments":[{"id":"name_1afade1f_8y0g","name":"{{name_1afade1f_8y0g}}","binding":"name","updateOn":"blur","defaultI18nValue":"课程名称","validRules":[{"type":"required","constraints":[true]},{"type":"matches","constraints":[""]}]}]}]}],"sort":[{"__symbolic":"property","decorators":[{"__symbolic":"call","expression":{"__symbol":2,"members":[]},"arguments":[{"id":"sort_152aa80b_68wo","name":"{{sort_152aa80b_68wo}}","binding":"sort","updateOn":"change","defaultI18nValue":"课程类型"}]}]}],"hour":[{"__symbolic":"property","decorators":[{"__symbolic":"call","expression":{"__symbol":2,"members":[]},"arguments":[{"id":"hour_3bbe082f_6ngd","name":"{{hour_3bbe082f_6ngd}}","binding":"hour","updateOn":"blur","defaultI18nValue":"学时"}]}]}],"teacher":[{"__symbolic":"property","decorators":[{"__symbolic":"call","expression":{"__symbol":2,"members":[]},"arguments":[{"id":"teacher_bab461b2_av4r","name":"{{teacher_bab461b2_av4r}}","binding":"teacher","updateOn":"blur","defaultI18nValue":"授课教师"}]}]}]}},"type":{"summaryKind":3,"type":{"reference":{"__symbol":0,"members":[]},"diDeps":[],"lifecycleHooks":[1]}}}],"symbols":[{"__symbol":0,"name":"BasicFormViewmodelForm","filePath":"./basicformviewmodelform"},{"__symbol":1,"name":"Form","filePath":"@farris/devkit"},{"__symbol":2,"name":"NgFormControl","filePath":"@farris/devkit"}]}