{"moduleName":null,"summaries":[{"symbol":{"__symbol":0,"members":[]},"metadata":{"__symbolic":"class","extends":{"__symbol":1,"members":[]},"members":{"student":[{"__symbolic":"property","decorators":[{"__symbolic":"call","expression":{"__symbol":2,"members":[]},"arguments":[{"originalDataField":"Student","dataField":"student","primary":true,"originalDataFieldType":"String","initValue":"","path":"Student.Student","validRules":[{"type":"maxLength","constraints":[36],"message":"最大长度为36"}]}]}]}],"student_StuID":[{"__symbolic":"property","decorators":[{"__symbolic":"call","expression":{"__symbol":2,"members":[]},"arguments":[{"originalDataField":"StuID","dataField":"student_StuID","originalDataFieldType":"String","initValue":"","path":"Student.Student_StuID","validRules":[{"type":"maxLength","constraints":[36],"message":"最大长度为36"}]}]}]}],"student_Name":[{"__symbolic":"property","decorators":[{"__symbolic":"call","expression":{"__symbol":2,"members":[]},"arguments":[{"originalDataField":"Name","dataField":"student_Name","originalDataFieldType":"String","initValue":"","path":"Student.Student_Name","validRules":[{"type":"maxLength","constraints":[36],"message":"最大长度为36"}]}]}]}]}}}],"symbols":[{"__symbol":0,"name":"StudentA0cAEntity","filePath":"./studenta0caentity"},{"__symbol":1,"name":"Entity","filePath":"@farris/devkit"},{"__symbol":2,"name":"NgField","filePath":"@farris/devkit"}]}