{"moduleName":null,"summaries":[{"symbol":{"__symbol":0,"members":[]},"metadata":{"__symbolic":"class","extends":{"__symbol":1,"members":[]},"members":{"classTcher":[{"__symbolic":"property","decorators":[{"__symbolic":"call","expression":{"__symbol":2,"members":[]},"arguments":[{"originalDataField":"classTcher","dataField":"classTcher","primary":true,"originalDataFieldType":"String","initValue":"","path":"classTcher.classTcher","validRules":[{"type":"maxLength","constraints":[36],"message":"最大长度为36"}]}]}]}],"classTeacher_Name":[{"__symbolic":"property","decorators":[{"__symbolic":"call","expression":{"__symbol":2,"members":[]},"arguments":[{"originalDataField":"Name","dataField":"classTeacher_Name","originalDataFieldType":"String","initValue":"","path":"classTcher.classTeacher_Name","validRules":[{"type":"maxLength","constraints":[36],"message":"最大长度为36"}]}]}]}]}}}],"symbols":[{"__symbol":0,"name":"Teacher8175Entity","filePath":"./teacher8175entity"},{"__symbol":1,"name":"Entity","filePath":"@farris/devkit"},{"__symbol":2,"name":"NgField","filePath":"@farris/devkit"}]}